{"data_time": 0.0022547849994225544, "eta_seconds": 176.29390633238017, "fast_rcnn/cls_accuracy": 0.4140625, "fast_rcnn/false_negative": 0.428125, "fast_rcnn/fg_cls_accuracy": 0.571875, "iteration": 19, "loss_box_reg": 0.8409989774227142, "loss_cls": 0.7251886427402496, "loss_rpn_cls": 0.009743621572852135, "loss_rpn_loc": 0.005011621862649918, "lr": 7.8424e-06, "roi_head/num_bg_samples": 50.5, "roi_head/num_fg_samples": 13.5, "rpn/num_neg_anchors": 252.5, "rpn/num_pos_anchors": 3.5, "time": 0.29139488649980194, "total_loss": 1.5645909931045026}
{"data_time": 0.0023414015004163957, "eta_seconds": 176.0634684896786, "fast_rcnn/cls_accuracy": 0.609375, "fast_rcnn/false_negative": 0.6475155279503106, "fast_rcnn/fg_cls_accuracy": 0.35248447204968947, "iteration": 39, "loss_box_reg": 0.8434152901172638, "loss_cls": 0.6576924324035645, "loss_rpn_cls": 0.006777673726901412, "loss_rpn_loc": 0.006112504051998258, "lr": 1.58344e-05, "roi_head/num_bg_samples": 50.0, "roi_head/num_fg_samples": 14.0, "rpn/num_neg_anchors": 252.5, "rpn/num_pos_anchors": 3.5, "time": 0.3021147514991753, "total_loss": 1.5420910166576505}
{"data_time": 0.0022871949995533214, "eta_seconds": 170.6818390320086, "fast_rcnn/cls_accuracy": 0.8359375, "fast_rcnn/false_negative": 0.823076923076923, "fast_rcnn/fg_cls_accuracy": 0.17692307692307693, "iteration": 59, "loss_box_reg": 0.7653685212135315, "loss_cls": 0.5077877938747406, "loss_rpn_cls": 0.007433522958308458, "loss_rpn_loc": 0.00558504625223577, "lr": 2.3826400000000003e-05, "roi_head/num_bg_samples": 51.25, "roi_head/num_fg_samples": 12.75, "rpn/num_neg_anchors": 252.5, "rpn/num_pos_anchors": 3.5, "time": 0.30488919649997115, "total_loss": 1.303607386071235}
{"data_time": 0.002369546000409173, "eta_seconds": 164.51840307697694, "fast_rcnn/cls_accuracy": 0.8125, "fast_rcnn/false_negative": 0.8944444444444444, "fast_rcnn/fg_cls_accuracy": 0.10555555555555556, "iteration": 79, "loss_box_reg": 0.8172984719276428, "loss_cls": 0.39588989317417145, "loss_rpn_cls": 0.009620851837098598, "loss_rpn_loc": 0.004982634447515011, "lr": 3.181840000000001e-05, "roi_head/num_bg_samples": 50.75, "roi_head/num_fg_samples": 13.25, "rpn/num_neg_anchors": 253.0, "rpn/num_pos_anchors": 3.0, "time": 0.2992392715004826, "total_loss": 1.198746345937252}
{"data_time": 0.002502913501302828, "eta_seconds": 158.5981690120434, "fast_rcnn/cls_accuracy": 0.86328125, "fast_rcnn/false_negative": 0.6933333333333334, "fast_rcnn/fg_cls_accuracy": 0.30666666666666664, "iteration": 99, "loss_box_reg": 0.7609225213527679, "loss_cls": 0.30619215965270996, "loss_rpn_cls": 0.00709078717045486, "loss_rpn_loc": 0.004578587599098682, "lr": 3.98104e-05, "roi_head/num_bg_samples": 51.5, "roi_head/num_fg_samples": 12.5, "rpn/num_neg_anchors": 252.75, "rpn/num_pos_anchors": 3.25, "time": 0.30420870699890656, "total_loss": 1.08051661826903}
{"data_time": 0.0024334319996341947, "eta_seconds": 152.6964747847751, "fast_rcnn/cls_accuracy": 0.8828125, "fast_rcnn/false_negative": 0.5727272727272728, "fast_rcnn/fg_cls_accuracy": 0.42727272727272725, "iteration": 119, "loss_box_reg": 0.8105743527412415, "loss_cls": 0.27273431420326233, "loss_rpn_cls": 0.006730537628754973, "loss_rpn_loc": 0.0036712760338559747, "lr": 4.78024e-05, "roi_head/num_bg_samples": 50.25, "roi_head/num_fg_samples": 13.75, "rpn/num_neg_anchors": 253.5, "rpn/num_pos_anchors": 2.5, "time": 0.30557837300057145, "total_loss": 1.0977973681874573}
{"data_time": 0.002390030999777082, "eta_seconds": 146.7203652448643, "fast_rcnn/cls_accuracy": 0.953125, "fast_rcnn/false_negative": 0.19090909090909092, "fast_rcnn/fg_cls_accuracy": 0.8090909090909091, "iteration": 139, "loss_box_reg": 0.7717682123184204, "loss_cls": 0.2076740860939026, "loss_rpn_cls": 0.007321059470996261, "loss_rpn_loc": 0.0034156362526118755, "lr": 5.5794399999999996e-05, "roi_head/num_bg_samples": 51.0, "roi_head/num_fg_samples": 13.0, "rpn/num_neg_anchors": 253.5, "rpn/num_pos_anchors": 2.5, "time": 0.3032898684996326, "total_loss": 1.0217346160206944}
{"data_time": 0.0025803939988691127, "eta_seconds": 141.09853073234717, "fast_rcnn/cls_accuracy": 0.96875, "fast_rcnn/false_negative": 0.06350806451612903, "fast_rcnn/fg_cls_accuracy": 0.936491935483871, "iteration": 159, "loss_box_reg": 0.865025132894516, "loss_cls": 0.19715271145105362, "loss_rpn_cls": 0.010084250941872597, "loss_rpn_loc": 0.004233098356053233, "lr": 6.37864e-05, "roi_head/num_bg_samples": 49.0, "roi_head/num_fg_samples": 15.0, "rpn/num_neg_anchors": 252.25, "rpn/num_pos_anchors": 3.75, "time": 0.3044140355004856, "total_loss": 1.0850172187201679}
{"data_time": 0.0026136850001421408, "eta_seconds": 134.92693900240738, "fast_rcnn/cls_accuracy": 0.97265625, "fast_rcnn/false_negative": 0.015625, "fast_rcnn/fg_cls_accuracy": 0.984375, "iteration": 179, "loss_box_reg": 0.7692160904407501, "loss_cls": 0.15233583748340607, "loss_rpn_cls": 0.012176016345620155, "loss_rpn_loc": 0.004545786185190082, "lr": 7.177839999999999e-05, "roi_head/num_bg_samples": 50.0, "roi_head/num_fg_samples": 14.0, "rpn/num_neg_anchors": 252.25, "rpn/num_pos_anchors": 3.75, "time": 0.3027093265000076, "total_loss": 0.9473109340760857}
{"data_time": 0.0024737580006330973, "eta_seconds": 128.98186407487628, "fast_rcnn/cls_accuracy": 0.97265625, "fast_rcnn/false_negative": 0.0, "fast_rcnn/fg_cls_accuracy": 1.0, "iteration": 199, "loss_box_reg": 0.7893572151660919, "loss_cls": 0.13238971680402756, "loss_rpn_cls": 0.0065205516293644905, "loss_rpn_loc": 0.004563170718029141, "lr": 7.97704e-05, "roi_head/num_bg_samples": 49.25, "roi_head/num_fg_samples": 14.75, "rpn/num_neg_anchors": 252.0, "rpn/num_pos_anchors": 4.0, "time": 0.30437563649957156, "total_loss": 0.9298658694606274}
{"data_time": 0.002525419000448892, "eta_seconds": 122.7986748224157, "fast_rcnn/cls_accuracy": 0.9765625, "fast_rcnn/false_negative": 0.0, "fast_rcnn/fg_cls_accuracy": 1.0, "iteration": 219, "loss_box_reg": 0.6260499656200409, "loss_cls": 0.12066971883177757, "loss_rpn_cls": 0.007003047503530979, "loss_rpn_loc": 0.003803979721851647, "lr": 8.776239999999999e-05, "roi_head/num_bg_samples": 50.5, "roi_head/num_fg_samples": 13.5, "rpn/num_neg_anchors": 253.0, "rpn/num_pos_anchors": 3.0, "time": 0.3028718290006509, "total_loss": 0.7741139881545678}
{"data_time": 0.00236972099992272, "eta_seconds": 116.63668439518915, "fast_rcnn/cls_accuracy": 0.9765625, "fast_rcnn/false_negative": 0.0, "fast_rcnn/fg_cls_accuracy": 1.0, "iteration": 239, "loss_box_reg": 0.7041023373603821, "loss_cls": 0.09378999844193459, "loss_rpn_cls": 0.004590726690366864, "loss_rpn_loc": 0.003024076228030026, "lr": 9.57544e-05, "roi_head/num_bg_samples": 49.25, "roi_head/num_fg_samples": 14.75, "rpn/num_neg_anchors": 253.0, "rpn/num_pos_anchors": 3.0, "time": 0.3023901995002234, "total_loss": 0.7846230414579622}
{"data_time": 0.002611859499666025, "eta_seconds": 110.87187421725503, "fast_rcnn/cls_accuracy": 0.9765625, "fast_rcnn/false_negative": 0.0, "fast_rcnn/fg_cls_accuracy": 1.0, "iteration": 259, "loss_box_reg": 0.5982762575149536, "loss_cls": 0.08260656520724297, "loss_rpn_cls": 0.004213480278849602, "loss_rpn_loc": 0.0035923724062740803, "lr": 0.0001037464, "roi_head/num_bg_samples": 50.25, "roi_head/num_fg_samples": 13.75, "rpn/num_neg_anchors": 252.75, "rpn/num_pos_anchors": 3.25, "time": 0.3162399920001917, "total_loss": 0.6909253222984262}
{"data_time": 0.002441761999762093, "eta_seconds": 104.75829624740982, "fast_rcnn/cls_accuracy": 0.984375, "fast_rcnn/false_negative": 0.0, "fast_rcnn/fg_cls_accuracy": 1.0, "iteration": 279, "loss_box_reg": 0.565533846616745, "loss_cls": 0.07529348134994507, "loss_rpn_cls": 0.005058394279330969, "loss_rpn_loc": 0.003351924126036465, "lr": 0.00011173840000000001, "roi_head/num_bg_samples": 49.5, "roi_head/num_fg_samples": 14.5, "rpn/num_neg_anchors": 252.5, "rpn/num_pos_anchors": 3.5, "time": 0.3022200089999387, "total_loss": 0.6433283379301429}
{"data_time": 0.0026879004999500467, "eta_seconds": 98.77136506245279,